[
  {
    "timestamp": "2016-02-13 13:59:23.059034", 
    "testcases": [
      {
        "log": "Attempt to write a line\nTrying to compile your code...\nSuccessfully compiled your code..", 
        "ptsEarned": 0.0, 
        "ptsPossible": 1.0, 
        "name": "writing_test", 
        "description": "DEFAULT DESCRIPTION"
      }, 
      {
        "log": "Try to append to a line after writing\nTrying to compile your code...\nSuccessfully compiled your code..", 
        "ptsEarned": 0.0, 
        "ptsPossible": 1.0, 
        "name": "append_test", 
        "description": "DEFAULT DESCRIPTION"
      }, 
      {
        "log": "Try to delete a line after writing\nTrying to compile your code...\nSuccessfully compiled your code..", 
        "ptsEarned": 0.0, 
        "ptsPossible": 1.0, 
        "name": "delete_test", 
        "description": "DEFAULT DESCRIPTION"
      }, 
      {
        "log": "Attempt to write multiple lines\nTrying to compile your code...\nSuccessfully compiled your code..", 
        "ptsEarned": 0.0, 
        "ptsPossible": 1.0, 
        "name": "multiple_writing_test", 
        "description": "DEFAULT DESCRIPTION"
      }, 
      {
        "log": "Attempt to write multiple lines\nTrying to compile your code...\nSuccessfully compiled your code..", 
        "ptsEarned": 0.0, 
        "ptsPossible": 1.0, 
        "name": "overwriting_test", 
        "description": "DEFAULT DESCRIPTION"
      }, 
      {
        "log": "Check the format of printing after writing lines\nTrying to compile your code...\nSuccessfully compiled your code..", 
        "ptsEarned": 0.0, 
        "ptsPossible": 1.0, 
        "name": "printf_test", 
        "description": "DEFAULT DESCRIPTION"
      }, 
      {
        "log": "Check the format of printing after writing lines\nTrying to compile your code...\nSuccessfully compiled your code..", 
        "ptsEarned": 0.0, 
        "ptsPossible": 1.0, 
        "name": "printing_test", 
        "description": "DEFAULT DESCRIPTION"
      }, 
      {
        "log": "Find a line after writing them\nTrying to compile your code...\nSuccessfully compiled your code..", 
        "ptsEarned": 0.0, 
        "ptsPossible": 1.0, 
        "name": "find_test", 
        "description": "DEFAULT DESCRIPTION"
      }, 
      {
        "log": "Find multiple lines with a given key after writing them\nTrying to compile your code...\nSuccessfully compiled your code..", 
        "ptsEarned": 0.0, 
        "ptsPossible": 1.0, 
        "name": "find_test_multiple_exist", 
        "description": "DEFAULT DESCRIPTION"
      }, 
      {
        "log": "Check for no memeory leaks\nTrying to compile your code...\nSuccessfully compiled your code..", 
        "ptsEarned": 0.0, 
        "ptsPossible": 1.0, 
        "name": "memory_check", 
        "description": "DEFAULT DESCRIPTION"
      }, 
      {
        "log": "Loading in a file and check the contents\nTrying to compile your code...\nSuccessfully compiled your code..", 
        "ptsEarned": 0.0, 
        "ptsPossible": 1.0, 
        "name": "load_test", 
        "description": "DEFAULT DESCRIPTION"
      }, 
      {
        "log": "Unknown autograder error when running test, please report to staff", 
        "ptsEarned": 0.0, 
        "ptsPossible": 1.0, 
        "name": "saving_test", 
        "description": "DEFAULT DESCRIPTION"
      }
    ], 
    "revision": "{2016-02-15}"
  }, 
  {
    "timestamp": "2016-02-14 13:06:58.367145", 
    "testcases": [
      {
        "ptsPossible": 1.0, 
        "ptsEarned": 0.0, 
        "description": "DEFAULT DESCRIPTION", 
        "name": "writing_test", 
        "log": "Attempt to write a line\nTrying to compile your code...\nSuccessfully compiled your code.."
      }, 
      {
        "ptsPossible": 1.0, 
        "ptsEarned": 0.0, 
        "description": "DEFAULT DESCRIPTION", 
        "name": "append_test", 
        "log": "Try to append to a line after writing\nTrying to compile your code...\nSuccessfully compiled your code.."
      }, 
      {
        "ptsPossible": 1.0, 
        "ptsEarned": 0.0, 
        "description": "DEFAULT DESCRIPTION", 
        "name": "delete_test", 
        "log": "Try to delete a line after writing\nTrying to compile your code...\nSuccessfully compiled your code.."
      }, 
      {
        "ptsPossible": 1.0, 
        "ptsEarned": 0.0, 
        "description": "DEFAULT DESCRIPTION", 
        "name": "multiple_writing_test", 
        "log": "Attempt to write multiple lines\nTrying to compile your code...\nSuccessfully compiled your code.."
      }, 
      {
        "ptsPossible": 1.0, 
        "ptsEarned": 0.0, 
        "description": "DEFAULT DESCRIPTION", 
        "name": "overwriting_test", 
        "log": "Attempt to write multiple lines\nTrying to compile your code...\nSuccessfully compiled your code.."
      }, 
      {
        "ptsPossible": 1.0, 
        "ptsEarned": 0.0, 
        "description": "DEFAULT DESCRIPTION", 
        "name": "printf_test", 
        "log": "Check the format of printing after writing lines\nTrying to compile your code...\nSuccessfully compiled your code.."
      }, 
      {
        "ptsPossible": 1.0, 
        "ptsEarned": 0.0, 
        "description": "DEFAULT DESCRIPTION", 
        "name": "printing_test", 
        "log": "Check the format of printing after writing lines\nTrying to compile your code...\nSuccessfully compiled your code.."
      }, 
      {
        "ptsPossible": 1.0, 
        "ptsEarned": 0.0, 
        "description": "DEFAULT DESCRIPTION", 
        "name": "find_test", 
        "log": "Find a line after writing them\nTrying to compile your code...\nSuccessfully compiled your code.."
      }, 
      {
        "ptsPossible": 1.0, 
        "ptsEarned": 0.0, 
        "description": "DEFAULT DESCRIPTION", 
        "name": "find_test_multiple_exist", 
        "log": "Find multiple lines with a given key after writing them\nTrying to compile your code...\nSuccessfully compiled your code.."
      }, 
      {
        "ptsPossible": 1.0, 
        "ptsEarned": 0.0, 
        "description": "DEFAULT DESCRIPTION", 
        "name": "memory_check", 
        "log": "Check for no memeory leaks\nTrying to compile your code...\nSuccessfully compiled your code.."
      }, 
      {
        "ptsPossible": 1.0, 
        "ptsEarned": 0.0, 
        "description": "DEFAULT DESCRIPTION", 
        "name": "load_test", 
        "log": "Loading in a file and check the contents\nTrying to compile your code...\nSuccessfully compiled your code.."
      }, 
      {
        "ptsPossible": 1.0, 
        "ptsEarned": 0.0, 
        "description": "DEFAULT DESCRIPTION", 
        "name": "saving_test", 
        "log": "Unknown autograder error when running test, please report to staff"
      }
    ], 
    "revision": "{2016-02-15}"
  }, 
  {
    "timestamp": "2016-02-14 21:03:51.288327", 
    "testcases": [
      {
        "description": "DEFAULT DESCRIPTION", 
        "ptsEarned": 0.0, 
        "log": "Attempt to write a line\nTrying to compile your code...\nSuccessfully compiled your code..", 
        "name": "writing_test", 
        "ptsPossible": 1.0
      }, 
      {
        "description": "DEFAULT DESCRIPTION", 
        "ptsEarned": 0.0, 
        "log": "Try to append to a line after writing\nTrying to compile your code...\nSuccessfully compiled your code..", 
        "name": "append_test", 
        "ptsPossible": 1.0
      }, 
      {
        "description": "DEFAULT DESCRIPTION", 
        "ptsEarned": 0.0, 
        "log": "Try to delete a line after writing\nTrying to compile your code...\nSuccessfully compiled your code..", 
        "name": "delete_test", 
        "ptsPossible": 1.0
      }, 
      {
        "description": "DEFAULT DESCRIPTION", 
        "ptsEarned": 0.0, 
        "log": "Attempt to write multiple lines\nTrying to compile your code...\nSuccessfully compiled your code..", 
        "name": "multiple_writing_test", 
        "ptsPossible": 1.0
      }, 
      {
        "description": "DEFAULT DESCRIPTION", 
        "ptsEarned": 0.0, 
        "log": "Attempt to write multiple lines\nTrying to compile your code...\nSuccessfully compiled your code..", 
        "name": "overwriting_test", 
        "ptsPossible": 1.0
      }, 
      {
        "description": "DEFAULT DESCRIPTION", 
        "ptsEarned": 0.0, 
        "log": "Check the format of printing after writing lines\nTrying to compile your code...\nSuccessfully compiled your code..", 
        "name": "printf_test", 
        "ptsPossible": 1.0
      }, 
      {
        "description": "DEFAULT DESCRIPTION", 
        "ptsEarned": 0.0, 
        "log": "Check the format of printing after writing lines\nTrying to compile your code...\nSuccessfully compiled your code..", 
        "name": "printing_test", 
        "ptsPossible": 1.0
      }, 
      {
        "description": "DEFAULT DESCRIPTION", 
        "ptsEarned": 0.0, 
        "log": "Find a line after writing them\nTrying to compile your code...\nSuccessfully compiled your code..", 
        "name": "find_test", 
        "ptsPossible": 1.0
      }, 
      {
        "description": "DEFAULT DESCRIPTION", 
        "ptsEarned": 0.0, 
        "log": "Find multiple lines with a given key after writing them\nTrying to compile your code...\nSuccessfully compiled your code..", 
        "name": "find_test_multiple_exist", 
        "ptsPossible": 1.0
      }, 
      {
        "description": "DEFAULT DESCRIPTION", 
        "ptsEarned": 0.0, 
        "log": "Check for no memeory leaks\nTrying to compile your code...\nSuccessfully compiled your code..", 
        "name": "memory_check", 
        "ptsPossible": 1.0
      }, 
      {
        "description": "DEFAULT DESCRIPTION", 
        "ptsEarned": 0.0, 
        "log": "Loading in a file and check the contents\nTrying to compile your code...\nSuccessfully compiled your code..", 
        "name": "load_test", 
        "ptsPossible": 1.0
      }, 
      {
        "description": "DEFAULT DESCRIPTION", 
        "ptsEarned": 0.0, 
        "log": "Unknown autograder error when running test, please report to staff", 
        "name": "saving_test", 
        "ptsPossible": 1.0
      }
    ], 
    "revision": "{2016-02-15}"
  }, 
  {
    "timestamp": "2016-02-15 13:58:37.959240", 
    "testcases": [
      {
        "log": "Attempt to write a line\nTrying to compile your code...\nSuccessfully compiled your code..", 
        "ptsEarned": 0.0, 
        "ptsPossible": 1.0, 
        "name": "writing_test", 
        "description": "DEFAULT DESCRIPTION"
      }, 
      {
        "log": "Try to append to a line after writing\nTrying to compile your code...\nSuccessfully compiled your code..", 
        "ptsEarned": 0.0, 
        "ptsPossible": 1.0, 
        "name": "append_test", 
        "description": "DEFAULT DESCRIPTION"
      }, 
      {
        "log": "Try to delete a line after writing\nTrying to compile your code...\nSuccessfully compiled your code..", 
        "ptsEarned": 0.0, 
        "ptsPossible": 1.0, 
        "name": "delete_test", 
        "description": "DEFAULT DESCRIPTION"
      }, 
      {
        "log": "Attempt to write multiple lines\nTrying to compile your code...\nSuccessfully compiled your code..", 
        "ptsEarned": 0.0, 
        "ptsPossible": 1.0, 
        "name": "multiple_writing_test", 
        "description": "DEFAULT DESCRIPTION"
      }, 
      {
        "log": "Attempt to write multiple lines\nTrying to compile your code...\nSuccessfully compiled your code..", 
        "ptsEarned": 0.0, 
        "ptsPossible": 1.0, 
        "name": "overwriting_test", 
        "description": "DEFAULT DESCRIPTION"
      }, 
      {
        "log": "Check the format of printing after writing lines\nTrying to compile your code...\nSuccessfully compiled your code..", 
        "ptsEarned": 0.0, 
        "ptsPossible": 1.0, 
        "name": "printf_test", 
        "description": "DEFAULT DESCRIPTION"
      }, 
      {
        "log": "Check the format of printing after writing lines\nTrying to compile your code...\nSuccessfully compiled your code..", 
        "ptsEarned": 0.0, 
        "ptsPossible": 1.0, 
        "name": "printing_test", 
        "description": "DEFAULT DESCRIPTION"
      }, 
      {
        "log": "Find a line after writing them\nTrying to compile your code...\nSuccessfully compiled your code..", 
        "ptsEarned": 0.0, 
        "ptsPossible": 1.0, 
        "name": "find_test", 
        "description": "DEFAULT DESCRIPTION"
      }, 
      {
        "log": "Find multiple lines with a given key after writing them\nTrying to compile your code...\nSuccessfully compiled your code..", 
        "ptsEarned": 0.0, 
        "ptsPossible": 1.0, 
        "name": "find_test_multiple_exist", 
        "description": "DEFAULT DESCRIPTION"
      }, 
      {
        "log": "Check for no memeory leaks\nTrying to compile your code...\nSuccessfully compiled your code..", 
        "ptsEarned": 0.0, 
        "ptsPossible": 1.0, 
        "name": "memory_check", 
        "description": "DEFAULT DESCRIPTION"
      }, 
      {
        "log": "Loading in a file and check the contents\nTrying to compile your code...\nSuccessfully compiled your code..", 
        "ptsEarned": 0.0, 
        "ptsPossible": 1.0, 
        "name": "load_test", 
        "description": "DEFAULT DESCRIPTION"
      }, 
      {
        "log": "Unknown autograder error when running test, please report to staff", 
        "ptsEarned": 0.0, 
        "ptsPossible": 1.0, 
        "name": "saving_test", 
        "description": "DEFAULT DESCRIPTION"
      }
    ], 
    "revision": "{2016-02-15}"
  }, 
  {
    "timestamp": "2016-02-15 14:56:33.808632", 
    "testcases": [
      {
        "ptsPossible": 1.0, 
        "ptsEarned": 0.0, 
        "description": "DEFAULT DESCRIPTION", 
        "name": "writing_test", 
        "log": "Attempt to write a line\nTrying to compile your code...\nSuccessfully compiled your code.."
      }, 
      {
        "ptsPossible": 1.0, 
        "ptsEarned": 0.0, 
        "description": "DEFAULT DESCRIPTION", 
        "name": "append_test", 
        "log": "Try to append to a line after writing\nTrying to compile your code...\nSuccessfully compiled your code.."
      }, 
      {
        "ptsPossible": 1.0, 
        "ptsEarned": 0.0, 
        "description": "DEFAULT DESCRIPTION", 
        "name": "delete_test", 
        "log": "Try to delete a line after writing\nTrying to compile your code...\nSuccessfully compiled your code.."
      }, 
      {
        "ptsPossible": 1.0, 
        "ptsEarned": 0.0, 
        "description": "DEFAULT DESCRIPTION", 
        "name": "multiple_writing_test", 
        "log": "Attempt to write multiple lines\nTrying to compile your code...\nSuccessfully compiled your code.."
      }, 
      {
        "ptsPossible": 1.0, 
        "ptsEarned": 0.0, 
        "description": "DEFAULT DESCRIPTION", 
        "name": "overwriting_test", 
        "log": "Attempt to write multiple lines\nTrying to compile your code...\nSuccessfully compiled your code.."
      }, 
      {
        "ptsPossible": 1.0, 
        "ptsEarned": 0.0, 
        "description": "DEFAULT DESCRIPTION", 
        "name": "printf_test", 
        "log": "Check the format of printing after writing lines\nTrying to compile your code...\nSuccessfully compiled your code.."
      }, 
      {
        "ptsPossible": 1.0, 
        "ptsEarned": 0.0, 
        "description": "DEFAULT DESCRIPTION", 
        "name": "printing_test", 
        "log": "Check the format of printing after writing lines\nTrying to compile your code...\nSuccessfully compiled your code.."
      }, 
      {
        "ptsPossible": 1.0, 
        "ptsEarned": 0.0, 
        "description": "DEFAULT DESCRIPTION", 
        "name": "find_test", 
        "log": "Find a line after writing them\nTrying to compile your code...\nSuccessfully compiled your code.."
      }, 
      {
        "ptsPossible": 1.0, 
        "ptsEarned": 0.0, 
        "description": "DEFAULT DESCRIPTION", 
        "name": "find_test_multiple_exist", 
        "log": "Find multiple lines with a given key after writing them\nTrying to compile your code...\nSuccessfully compiled your code.."
      }, 
      {
        "ptsPossible": 1.0, 
        "ptsEarned": 0.0, 
        "description": "DEFAULT DESCRIPTION", 
        "name": "memory_check", 
        "log": "Check for no memeory leaks\nTrying to compile your code...\nSuccessfully compiled your code.."
      }, 
      {
        "ptsPossible": 1.0, 
        "ptsEarned": 0.0, 
        "description": "DEFAULT DESCRIPTION", 
        "name": "load_test", 
        "log": "Loading in a file and check the contents\nTrying to compile your code...\nSuccessfully compiled your code.."
      }, 
      {
        "ptsPossible": 1.0, 
        "ptsEarned": 0.0, 
        "description": "DEFAULT DESCRIPTION", 
        "name": "saving_test", 
        "log": "Unknown autograder error when running test, please report to staff"
      }
    ], 
    "revision": "{2016-02-16}"
  }, 
  {
    "timestamp": "2016-02-15 20:01:49.012699", 
    "testcases": [
      {
        "description": "DEFAULT DESCRIPTION", 
        "ptsEarned": 0.0, 
        "log": "Attempt to write a line\nTrying to compile your code...\nSuccessfully compiled your code..", 
        "name": "writing_test", 
        "ptsPossible": 1.0
      }, 
      {
        "description": "DEFAULT DESCRIPTION", 
        "ptsEarned": 0.0, 
        "log": "Try to append to a line after writing\nTrying to compile your code...\nSuccessfully compiled your code..", 
        "name": "append_test", 
        "ptsPossible": 1.0
      }, 
      {
        "description": "DEFAULT DESCRIPTION", 
        "ptsEarned": 0.0, 
        "log": "Try to delete a line after writing\nTrying to compile your code...\nSuccessfully compiled your code..", 
        "name": "delete_test", 
        "ptsPossible": 1.0
      }, 
      {
        "description": "DEFAULT DESCRIPTION", 
        "ptsEarned": 0.0, 
        "log": "Attempt to write multiple lines\nTrying to compile your code...\nSuccessfully compiled your code..", 
        "name": "multiple_writing_test", 
        "ptsPossible": 1.0
      }, 
      {
        "description": "DEFAULT DESCRIPTION", 
        "ptsEarned": 0.0, 
        "log": "Attempt to write multiple lines\nTrying to compile your code...\nSuccessfully compiled your code..", 
        "name": "overwriting_test", 
        "ptsPossible": 1.0
      }, 
      {
        "description": "DEFAULT DESCRIPTION", 
        "ptsEarned": 0.0, 
        "log": "Check the format of printing after writing lines\nTrying to compile your code...\nSuccessfully compiled your code..", 
        "name": "printf_test", 
        "ptsPossible": 1.0
      }, 
      {
        "description": "DEFAULT DESCRIPTION", 
        "ptsEarned": 0.0, 
        "log": "Check the format of printing after writing lines\nTrying to compile your code...\nSuccessfully compiled your code..", 
        "name": "printing_test", 
        "ptsPossible": 1.0
      }, 
      {
        "description": "DEFAULT DESCRIPTION", 
        "ptsEarned": 0.0, 
        "log": "Find a line after writing them\nTrying to compile your code...\nSuccessfully compiled your code..", 
        "name": "find_test", 
        "ptsPossible": 1.0
      }, 
      {
        "description": "DEFAULT DESCRIPTION", 
        "ptsEarned": 0.0, 
        "log": "Find multiple lines with a given key after writing them\nTrying to compile your code...\nSuccessfully compiled your code..", 
        "name": "find_test_multiple_exist", 
        "ptsPossible": 1.0
      }, 
      {
        "description": "DEFAULT DESCRIPTION", 
        "ptsEarned": 0.0, 
        "log": "Check for no memeory leaks\nTrying to compile your code...\nSuccessfully compiled your code..", 
        "name": "memory_check", 
        "ptsPossible": 1.0
      }, 
      {
        "description": "DEFAULT DESCRIPTION", 
        "ptsEarned": 0.0, 
        "log": "Loading in a file and check the contents\nTrying to compile your code...\nSuccessfully compiled your code..", 
        "name": "load_test", 
        "ptsPossible": 1.0
      }, 
      {
        "description": "DEFAULT DESCRIPTION", 
        "ptsEarned": 0.0, 
        "log": "Unknown autograder error when running test, please report to staff", 
        "name": "saving_test", 
        "ptsPossible": 1.0
      }
    ], 
    "revision": "{2016-02-16}"
  }, 
  {
    "timestamp": "2016-02-16 10:25:13.695564", 
    "testcases": [
      {
        "log": "Attempt to write a line\nTrying to compile your code...\nSuccessfully compiled your code..", 
        "ptsPossible": 1.0, 
        "ptsEarned": 0.0, 
        "name": "writing_test", 
        "description": "DEFAULT DESCRIPTION"
      }, 
      {
        "log": "Try to append to a line after writing\nTrying to compile your code...\nSuccessfully compiled your code..", 
        "ptsPossible": 1.0, 
        "ptsEarned": 0.0, 
        "name": "append_test", 
        "description": "DEFAULT DESCRIPTION"
      }, 
      {
        "log": "Try to delete a line after writing\nTrying to compile your code...\nSuccessfully compiled your code..", 
        "ptsPossible": 1.0, 
        "ptsEarned": 0.0, 
        "name": "delete_test", 
        "description": "DEFAULT DESCRIPTION"
      }, 
      {
        "log": "Attempt to write multiple lines\nTrying to compile your code...\nSuccessfully compiled your code..", 
        "ptsPossible": 1.0, 
        "ptsEarned": 0.0, 
        "name": "multiple_writing_test", 
        "description": "DEFAULT DESCRIPTION"
      }, 
      {
        "log": "Attempt to write multiple lines\nTrying to compile your code...\nSuccessfully compiled your code..", 
        "ptsPossible": 1.0, 
        "ptsEarned": 0.0, 
        "name": "overwriting_test", 
        "description": "DEFAULT DESCRIPTION"
      }, 
      {
        "log": "Check the format of printing after writing lines\nTrying to compile your code...\nSuccessfully compiled your code..", 
        "ptsPossible": 1.0, 
        "ptsEarned": 0.0, 
        "name": "printf_test", 
        "description": "DEFAULT DESCRIPTION"
      }, 
      {
        "log": "Check the format of printing after writing lines\nTrying to compile your code...\nSuccessfully compiled your code..", 
        "ptsPossible": 1.0, 
        "ptsEarned": 0.0, 
        "name": "printing_test", 
        "description": "DEFAULT DESCRIPTION"
      }, 
      {
        "log": "Find a line after writing them\nTrying to compile your code...\nSuccessfully compiled your code..", 
        "ptsPossible": 1.0, 
        "ptsEarned": 0.0, 
        "name": "find_test", 
        "description": "DEFAULT DESCRIPTION"
      }, 
      {
        "log": "Find multiple lines with a given key after writing them\nTrying to compile your code...\nSuccessfully compiled your code..", 
        "ptsPossible": 1.0, 
        "ptsEarned": 0.0, 
        "name": "find_test_multiple_exist", 
        "description": "DEFAULT DESCRIPTION"
      }, 
      {
        "log": "Check for no memeory leaks\nTrying to compile your code...\nSuccessfully compiled your code..", 
        "ptsPossible": 1.0, 
        "ptsEarned": 0.0, 
        "name": "memory_check", 
        "description": "DEFAULT DESCRIPTION"
      }, 
      {
        "log": "Loading in a file and check the contents\nTrying to compile your code...\nSuccessfully compiled your code..", 
        "ptsPossible": 1.0, 
        "ptsEarned": 0.0, 
        "name": "load_test", 
        "description": "DEFAULT DESCRIPTION"
      }, 
      {
        "log": "Unknown autograder error when running test, please report to staff", 
        "ptsPossible": 1.0, 
        "ptsEarned": 0.0, 
        "name": "saving_test", 
        "description": "DEFAULT DESCRIPTION"
      }
    ], 
    "revision": "{2016-02-16}"
  }
]