[
  {
    "timestamp": "2016-03-01 13:27:41.018981", 
    "testcases": [
      {
        "log": "Timed Out!", 
        "ptsPossible": 1.0, 
        "ptsEarned": 0.0, 
        "name": "test_queue", 
        "description": "Test queue, push and pull large amounts of data"
      }, 
      {
        "log": "Queue has incorrect capacity!\n", 
        "ptsPossible": 1.0, 
        "ptsEarned": 0.0, 
        "name": "test_queue_maxSize", 
        "description": "Test queue, queue size doesn't exceed max capacity"
      }, 
      {
        "log": "Test Failed", 
        "ptsPossible": 1.0, 
        "ptsEarned": 0.0, 
        "name": "test_semamore", 
        "description": "Test semamore in rendezvous.c"
      }, 
      {
        "log": "Test Failed", 
        "ptsPossible": 1.0, 
        "ptsEarned": 0.0, 
        "name": "test_semamore_init", 
        "description": "Test semamore init function"
      }, 
      {
        "log": "Test Failed", 
        "ptsPossible": 1.0, 
        "ptsEarned": 0.0, 
        "name": "test_semamore_wait_simple", 
        "description": "Test semamore wait"
      }, 
      {
        "log": "Test Failed", 
        "ptsPossible": 1.0, 
        "ptsEarned": 0.0, 
        "name": "test_semamore_wait_block", 
        "description": "Test that semamore wait blocks"
      }, 
      {
        "log": "Test Failed", 
        "ptsPossible": 1.0, 
        "ptsEarned": 0.0, 
        "name": "test_semamore_post_simple", 
        "description": "Test semamore post"
      }, 
      {
        "log": "Test Failed", 
        "ptsPossible": 1.0, 
        "ptsEarned": 0.0, 
        "name": "test_semamore_post_block", 
        "description": "Test that semamore post blocks"
      }
    ], 
    "revision": "(Pull Time: 2016-03-03 | Revision # 38096)"
  }
]