[
  {
    "timestamp": "2016-04-06 00:27:56.055516", 
    "testcases": [
      {
        "log": "Trying to compile your code...\nSuccessfully compiled your code..\nFailed to find correct output (or extra printouts?)", 
        "ptsPossible": 1.0, 
        "ptsEarned": 0.0, 
        "name": "basic_test", 
        "description": "Test that target command gets run"
      }, 
      {
        "log": "Trying to compile your code...\nSuccessfully compiled your code..\nDid not find the correct output", 
        "ptsPossible": 1.0, 
        "ptsEarned": 0.0, 
        "name": "basic_test1", 
        "description": "Test that targets don't get run until dependencies are satisfied"
      }, 
      {
        "log": "Trying to compile your code...\nSuccessfully compiled your code..", 
        "ptsPossible": 1.0, 
        "ptsEarned": 0.0, 
        "name": "basic_test2", 
        "description": "Test that a more complex dependencies list gets printed correctly"
      }, 
      {
        "log": "Trying to compile your code...\nSuccessfully compiled your code..\nFailed to find correct output", 
        "ptsPossible": 1.0, 
        "ptsEarned": 0.0, 
        "name": "fail_test", 
        "description": "Test correct commands are run when command fails"
      }, 
      {
        "log": "Trying to compile your code...\nSuccessfully compiled your code..\nFailed to find correct output in the correct order (or extra printouts?)", 
        "ptsPossible": 1.0, 
        "ptsEarned": 0.0, 
        "name": "target_test", 
        "description": "Test that specified makefile targets get run correctly"
      }, 
      {
        "log": "Trying to compile your code...\nSuccessfully compiled your code..", 
        "ptsPossible": 1.0, 
        "ptsEarned": 0.0, 
        "name": "target_test1", 
        "description": "Test that specified makefile targets with dependencies get run correctly"
      }, 
      {
        "log": "Trying to compile your code...\nSuccessfully compiled your code..\nDid not find the correct output", 
        "ptsPossible": 1.0, 
        "ptsEarned": 0.0, 
        "name": "touch_test", 
        "description": "Test that targets don't run if dependency not modified"
      }, 
      {
        "log": "Trying to compile your code...\nSuccessfully compiled your code..", 
        "ptsPossible": 1.0, 
        "ptsEarned": 1.0, 
        "name": "tsan_test", 
        "description": "Test that tsan doesn't throw warnings/errors"
      }, 
      {
        "log": "Trying to compile your code...\nSuccessfully compiled your code..\nCould not find correct output in correct order (or extra printouts?)", 
        "ptsPossible": 6.0, 
        "ptsEarned": 0.0, 
        "name": "thread_test", 
        "description": "Test that ensure doing threading properly"
      }, 
      {
        "log": "Trying to compile your code...\nSuccessfully compiled your code..", 
        "ptsPossible": 6.0, 
        "ptsEarned": 0.0, 
        "name": "basic_test2_threaded", 
        "description": "Test that a more complex dependencies list gets printed correctly (but needs to be threaded this time"
      }, 
      {
        "log": "Trying to compile your code...\nSuccessfully compiled your code..", 
        "ptsPossible": 1.0, 
        "ptsEarned": 1.0, 
        "name": "memory_test", 
        "description": "Memory test"
      }
    ], 
    "checksum": "be6070aadac97136a1282dde848ed6423bebaa80  parmake.c", 
    "revision": "63553"
  }
]